Movie_ID,Title,Year,Genre
34759,Aaghaaz ,2000,Thriller
34760,Aaj Ka Ravan,2000,Drama
34761,Anjaane,2000,Romance
34762,Anokha Moti,2000,Family
34763,Apradhi Kaun,2000,Thriller
34764,Astitva,2000,"Drama, Social"
34765,Baaghi,2000,Action
34766,Badal,2000,"Action, Drama"
34767,Bas Yaari Rakho,2000,"Comedy, Drama"
34768,Bawandar,2000,Drama
34769,Kuch Kuch Hota Hai,2000,Romantic
34770,Kaanksh,2000,"Drama, Comedy"
34771,Beti No.1,2000,Comedy
34772,Bhai Thakur,2000,Action
34773,Bichhoo,2000,Action
34774,Billa No. 786,2000,Action
34775,Bulandi,2000,Drama
34776,Chal Mere Bhai,2000,Comedy
34777,Champion,2000,"Action, Drama"
34778,Dahshat,2000,Horror
34779,Deewane,2000,"Action, Romance"
34780,Dhai Akshar Prem Ke,2000,"Romance, Drama"
34781,Dhadkan,2000,"Romance, Drama"
34782,Dil Ki Dhadkan,2000,
34783,Dil Pe Mat Le Yaar,2000,Drama
34784,Dr. Babasaheb Ambedkar,2000,
34785,Dr Mukta,2000,
34786,Dulhan Hum Le Jayenge,2000,"Comedy, Romance"
34787,Fiza,2000,"Drama, Family, Thriller"
34788,Gaja Gamini,2000,Drama
34789,Gang,2000,Crime
34790,Ghaath,2000,Drama
34791,Hadh Kar Di Aapne,2000,"Comedy, Romance"
34792,Hamara Dil Aapke Paas Hai,2000,Drama
34793,Har Dil Jo Pyar Karega,2000,"Comedy, Drama, Romance"
34794,Hari-Bhari,2000,Drama
34795,Hera Pheri,2000,Comedy
34796,Hey Ram,2000,Drama
34797,Hum To Mohabbat Karega,2000,"Action, Romance"
34798,Jallad No. 1,2000,Drama
34799,Jis Desh Mein Ganga Rehta Hain,2000,Drama
34800,Joru Ka Ghulam,2000,Drama
34801,Josh,2000,"Action, Romance"
34802,Jung,2000,Drama
34803,Jungle,2000,Romance
34804,Kabrastan,2000,Horror
34805,Kahin Pyaar Na Ho Jaaye,2000,"Comedy, Romance"
34806,Kaho Naa... Pyaar Hai,2000,"Romance, Drama, Musical, Thriller"
34807,Kairee,2000,Drama
34808,Karobaar: The Business of Love,2000,Drama
34809,Kharidaar,2000,
34810,Khauff,2000,Drama
34811,Khiladi 420,2000,"Action, Romance"
34812,Krodh,2000,Action
34813,Kunwara,2000,Comedy
34814,Kurukshetra,2000,"Action, Romance"
34815,Kya Kehna,2000,"Romance, Drama"
34816,Le Chal Apne Sang,2000,Romance
34817,Lekroo,2000,
34818,Mela,2000,Drama
34819,Meri Jung Ka Elaan,2000,Drama
34820,Mission Kashmir,2000,"Drama, War, Thriller"
34821,Mohabbatein,2000,"Drama, Romance, Musical, Family"
34822,Nidaan,2000,Drama
34823,Pandavas: The Five Warriors,2000,Animation
34824,Papa the Great,2000,Family
34825,Phir Bhi Dil Hai Hindustani,2000,"Comedy, Drama, Romance, Musical"
34826,The Prince of Light,2000,
34827,Pukar,2000,Drama
34828,Raja Ko Rani Se Pyar Ho Gaya,2000,"Comedy, Musical"
34829,Raju Chacha,2000,Comedy
34830,Refugee,2000,"Drama, Romance"
34831,The Revenge: Geeta Mera Naam,2000,Action
34832,Saanjh,2000,
34833,Second Generation,2000,
34834,Shikaar,2000,
34835,Shikari,2000,"Thriller, Action, Romance"
34836,Snip!,2000,
34837,Sultaan,2000,Action
34838,Tapish,2000,
34839,Tarkieb,2000,"Suspense, Thriller"
34840,Tera Jadoo Chal Gayaa,2000,Romance
34841,Tere Liye,2000,
34842,Tune Mera Dil Le Liyaa,2000,
34843,Zindagi Zindabad,2000,
34844,Abhay,2001,"Thriller
"
34845,Aamdani Atthanni Kharcha Rupaiya,2001,"Family Drama
"
34846,Aashiq,2001,"Action Comedy
"
34847,Ajnabee,2001,"Thriller, Suspense, Crime
"
34848,Aks,2001,"Thriller, Horror
"
34849,Albela,2001,"Romance
"
34850,Aśoka,2001,"History
"
34851,Bas Itna Sa Khwaab Hai,2001,"Drama, Romance, Social
"
34852,Bengal Tiger,2001,"Action
"
34853,Bhairav,2001,"
"
34854,Censor,2001,"Drama
"
34855,Chandni Bar,2001,"Drama
"
34856,Chhupa Rustam: A Musical Thriller,2001,"Thriller
"
34857,Chori Chori Chupke Chupke,2001,"Drama, Romance, Musical, Social
"
34858,Daman,2001,"Drama
"
34859,Dattak,2001,"Drama
"
34860,Deewaanapan,2001,"Drama, Romance
"
34861,Dil Chahta Hai,2001,"Drama, Comedy, Romance, Musical
"
34862,Dil Ne Phir Yaad Kiya,2001,"Romance
"
34863,Ehsaas: The Feeling,2001,"Drama
"
34864,Ek Rishtaa: The Bond of Love,2001,"Family Drama
"
34865,Farz,2001,"Action, Romance
"
34866,Gadar: Ek Prem Katha,2001,"Drama, War, Romance, Action
"
34867,Grahan,2001,"Romance
"
34868,Hadh: Life on the Edge of Death,2001,"
"
34869,Hum Ho Gaye Aapke,2001,"Romance
"
34870,Indian,2001,"Action
"
34871,Ittefaq,2001,"Action, Drama, Thriller
"
34872,Jodi No.1,2001,"Comedy
"
34873,Kabhi Khushi Kabhie Gham...,2001,"Drama, Romance, Family
"
34874,Kasam,2001,"Action
"
34875,Kasoor,2001,"Thriller
"
34876,Kuch Khatti Kuch Meethi,2001,"Comedy, Drama
"
34877,Kyo Kii Main Jhuth Nahin Bolta,2001,"Comedy, Romance
"
34878,Lagaan: Once Upon a Time in India,2001,"Drama, Musical, Social
"
34879,Lajja,2001,"Drama, Romance, Musical, Crime
"
34880,Love Ke Liye Kuchh Bhi Karega,2001,"Comedy
"
34881,Maya,2001,"Drama
"
34882,Mitti,2001,"
"
34883,Moksha,2001,"Drama
"
34884,Mujhe Kucch Kehna Hai,2001,"Comedy
"
34885,Mujhe Meri Biwi Se Bachaao,2001,"Comedy, Family
"
34886,Nayak,2001,"Drama
"
34887,Officer,2001,"Action
"
34888,One 2 Ka 4,2001,"Action, Romance
"
34889,Paagalpan,2001,"Romance
"
34890,Pyaar Ishq Aur Mohabbat,2001,"Romance
"
34891,Pyaar Tune Kya Kiya,2001,"Drama, Romance, Thriller
"
34892,Pyaar Zindagi Hai,2001,"Romance, Thriller
"
34893,Rahul,2001,"Drama
"
34894,Rehnaa Hai Terre Dil Mein,2001,"Romance
"
34895,Shirdi Sai Baba,2001,"
"
34896,Style,2001,"Romance
"
34897,Tamboo Mein Bamoo,2001,"Action
"
34898,Tera Mera Saath Rahen,2001,"Drama
"
34899,Tum Bin,2001,"Romance
"
34900,Veer Savarkar,2001,"
"
34901,Yaadein,2001,"Romance, Drama
"
34902,Yeh Raaste Hain Pyaar Ke,2001,"Drama
"
34903,Yeh Teraa Ghar Yeh Meraa Ghar,2001,"Drama
"
34904,Yeh Zindagi Ka Safar,2001,"Romance, Drama
"
34905,Zubeidaa,2001,"Drama
"
34906,16 December,2002,"Action
"
34907,23rd March 1931: Shaheed,2002,"Historical Drama
"
34908,Aankhen,2002,"Thriller, Action
"
34909,Aap Mujhe Achche Lagne Lage,2002,"Romance, Drama
"
34910,Ab Ke Baras,2002,"Romance, Drama
"
34911,Agni Varsha,2002,"Historical
"
34912,Akhiyon Se Goli Maare,2002,"Comedy
"
34913,Annarth,2002,"Action, Thriller
"
34914,Ansh: The Deadly Part,2002,"Action, Thriller
"
34915,Awara Paagal Deewana,2002,"Action, Comedy
"
34916,Baaja,2002,"Children's
"
34917,Be-Lagaam,2002,"Action
"
34918,Badhaai Ho Badhaai,2002,"Comedy, Drama
"
34919,Bollywood Queen,2002,"Drama
"
34920,Bomb the System,2002,"
"
34921,Chalo Ishq Ladaaye,2002,"Comedy
"
34922,Chor Machaaye Shor,2002,"Comedy, Romance, Crime
"
34923,Company,2002,"Crime, Drama
"
34924,Deewangee,2002,"Thriller
"
34925,Desh Devi,2002,"
"
34926,Devdas,2002,"Romance, Drama, Musical
"
34927,Dil Hai Tumhaara,2002,"Family, Romance, Drama
"
34928,Dil Vil Pyar Vyar,2002,"Romance, Drama
"
34929,Ek Chhotisi Love Story,2002,"Erotic
"
34930,Encounter: The Killing,2002,"Social Drama
"
34931,Filhaal,2002,"Drama
"
34932,Ghaav: The Wound,2002,"Crime Drama
"
34933,Gunaah,2002,"Thriller, Romance
"
34934,Haan Maine Bhi Pyaar Kiya,2002,"Drama, Romance
"
34935,Hathyar,2002,"Drama
"
34936,Hum Kisise Kum Nahin,2002,"Action, Comedy
"
34937,Hum Pyar Tumhi Se Kar Baithe,2002,"Romance
"
34938,Hum Tumhare Hain Sanam,2002,"Drama, Romance
"
34939,Humraaz,2002,"Thriller, Romance, Musical
"
34940,Jaani Dushman: Ek Anokhi Kahani,2002,"Fantasy
"
34941,Jang Aur Aman,2002,"Documentary
"
34942,Jeena Sirf Merre Liye,2002,"Romance
"
34943,Kaante,2002,"Action, Thriller
"
34944,Kabhie Tum Kabhie Hum,2002,"Comedy, Drama
"
34945,Karz: The Burden of Truth,2002,"Action, Thriller
"
34946,Kehtaa Hai Dil Baar Baar,2002,"Romance
"
34947,Kitne Door Kitne Paas,2002,"Romance, Drama, Comedy
"
34948,Koi Mere Dil Se Poochhe,2002,"Drama, Romance, Social
"
34949,Kranti,2002,"Action, Drama
"
34950,Kuch Tum Kaho Kuch Hum Kahein,2002,"Romance
"
34951,Kya Yehi Pyaar Hai,2002,"Romance
"
34952,Kyaa Dil Ne Kahaa,2002,"Romance
"
34953,Lal Salaam,2002,"
"
34954,Maa Tujhhe Salaam,2002,"Drama
"
34955,Maine Dil Tujhko Diya,2002,"Action, Romance
"
34956,Makdee,2002,"Comedy, Horror
"
34957,Maseeha,2002,"Action
"
34958,Mere Yaar Ki Shaadi Hai,2002,"Romance
"
34959,"Mitr, My Friend",2002,"Drama
"
34960,Mohabbat Ho Gayi Hai Tumse,2002,"
"
34961,Mujhse Dosti Karoge!,2002,"Romance, Drama, Comedy, Musical
"
34962,Mulaqaat,2002,"
"
34963,Na Tum Jaano Na Hum,2002,"Romance, Drama
"
34964,Nishad,2002,"Drama
"
34965,Om Jai Jagadish,2002,"Family, Drama, Social
"
34966,Pitaah,2002,"Action, Drama
"
34967,Pyaar Diwana Hota Hai,2002,"Romance
"
34968,Pyar Ki Dhun,2002,"Romance, Drama
"
34969,Pyaasa,2002,"Action, Crime
"
34970,Raaz,2002,"Horror, Thriller, Romance, Musical
"
34971,Rishtey,2002,"Drama, Family
"
34972,Road,2002,"Thriller
"
34973,Saathiya,2002,"Drama, Romance, Social, Musical
"
34974,Shaheed-E-Azam,2002,"Historical, Drama
"
34975,Shakti - The Power,2002,"Drama
"
34976,Shararat,2002,"Comedy, Drama
"
34977,Soch,2002,"Thriller, Mystery
"
34978,Sur: The Melody of Life,2002,"Musical
"
34979,The Legend of Bhagat Singh,2002,"Historical, Drama
"
34980,Tumko Na Bhool Paayenge,2002,"Drama
"
34981,Tum Se Achcha Kaun Hai,2002,"Romance, Drama
"
34982,Waah! Tera Kya Kehna,2002,"Comedy
"
34983,Yeh Dil Aashiqanaa,2002,"Romance, Action
"
34984,Yeh Hai Jalwa,2002,"Comedy
"
34985,Yeh Kaisi Mohabbat,2002,"Romance, Drama
"
34986,Yeh Kya Ho Raha Hai?,2002,"Comedy, Romance
"
34987,Yeh Mohabbat Hai,2002,"Action
"
34988,Zindagi Khoobsoorat Hai,2002,"
"
34989,3 Deewarein,2003,"Drama
"
34990,88 Antop Hill,2003,"Thriller
"
34991,Aaj Ka Andha Kanoon,2003,"Action, Drama
"
34992,Aanch,2003,"Romance, Drama
"
34993,Aapko Pehle Bhi Kahin Dekha Hai,2003,"Romance
"
34994,Andaaz,2003,"Romance
"
34995,Armaan,2003,"Drama, Family
"
34996,Baaz: A Bird in Danger,2003,"Thriller
"
34997,Baghban,2003,"Drama, Family
"
34998,Bas Yun Hi,2003,"Drama
"
34999,Basti,2003,"Action
"
35000,Bhoot,2003,"Horror
"
35001,Boom,2003,"Black Comedy Thriller
"
35002,Calcutta Mail,2003,"Drama
"
35003,Chalte Chalte,2003,"Drama, Romance, Comedy, Musical
"
35004,Chori Chori,2003,"Romance
"
35005,Chupke Se,2003,"Romance, Comedy
"
35006,Chura Liyaa Hai Tumne,2003,"Action, Drama, Romance, Thriller
"
35007,Darna Mana Hai,2003,"Horror, Thriller
"
35008,Dhoop,2003,"War Drama
"
35009,Dhund,2003,"Horror
"
35010,Dil Ka Rishta,2003,"Drama, Romance
"
35011,Dil Pardesi Ho Gayaa,2003,"Romance
"
35012,Dum,2003,"Action, Drama, Romance
"
35013,Ek Alag Mausam,2003,"
"
35014,Ek Aur Ek Gyarah,2003,"Comedy
"
35015,Ek Din 24 Ghante,2003,"Thriller
"
35016,Escape from Taliban,2003,"Drama
"
35017,Final Solution,2003,"Documentary
"
35018,Footpath,2003,"Drama
"
35019,Fun2shh... Dudes in the 10th Century,2003,"Fantasy, Comedy
"
35020,Gangaajal,2003,"Drama, Social
"
35021,Green Card Fever,2003,"Drama
"
35022,Haasil,2003,"Drama
"
35023,Hawa,2003,"Horror
"
35024,Hawayein,2003,"Docudrama
"
35025,The Hero: Love Story of a Spy,2003,"Drama, Action, Thriller
"
35026,Humein Tumse Pyar Ho Gaya Chupke Chupke,2003,"
"
35027,Hungama,2003,"Comedy
"
35028,Indian Babu,2003,"Drama
"
35029,Inteha,2003,"Drama, Thriller
"
35030,Ishq Vishk,2003,"Romance
"
35031,Jaal: The Trap,2003,"Action, Romance
"
35032,Jajantaram Mamantaram,2003,"Fantasy
"
35033,Janasheen,2003,"Thriller
"
35034,Jhankaar Beats,2003,"Drama, Musical
"
35035,Jism,2003,"Drama, Romance, Thriller
"
35036,Jodi Kya Banayi Wah Wah Ramji,2003,"Drama
"
35037,Joggers Park,2003,"Drama
"
35038,Kaash... Hamara Dil Pagal Na Hota,2003,"
"
35039,Kagaar: Life on the Edge,2003,"
"
35040,Kahan Ho Tum,2003,"
"
35041,Kaise Kahoon Ke... Pyaar Hai,2003,"
"
35042,Kal Ho Naa Ho,2003,"Drama, Romance, Comedy, Family, Musical, Social
"
35043,Kash Aap Hamare Hote,2003,"Romance
"
35044,Kaya Poochhe Maya Se,2003,"
"
35045,Khanjar: The Knife,2003,"Action
"
35046,Khel – No Ordinary Game,2003,"Thriller
"
35047,Khushi,2003,"Romance
"
35048,Khwahish,2003,"Drama
"
35049,Koi... Mil Gaya,2003,"Romance, Fantasy, Musical
"
35050,Kucch To Hai,2003,"Thriller
"
35051,Kuch Naa Kaho,2003,"Drama, Romance, Musical
"
35052,Kyon?,2003,"
"
35053,Larger Than Life,2003,"
"
35054,LOC: Kargil,2003,"War, Drama, Historical
"
35055,Love at Times Square,2003,"
"
35056,Maa Santoshi Maa,2003,"
"
35057,Main Madhuri Dixit Banna Chahti Hoon,2003,"Comedy
"
35058,Main Prem Ki Diwani Hoon,2003,"Romance, Drama, Comedy
"
35059,Market,2003,"Crime Drama
"
35060,Miss India: The Mystery,2003,"
"
35061,Mudda: The Issue,2003,"Drama
"
35062,Mumbai Matinee,2003,"Romance Comedy
"
35063,Mumbai Se Aaya Mera Dost,2003,"Drama
"
35064,Munna Bhai M.B.B.S.,2003,"Comedy, Social, Musical
"
35065,Naag Lok,2003,"
"
35066,Nayee Padosan,2003,"Comedy
"
35067,October,2003,"
"
35068,Om,2003,"Action
"
35069,Oops!,2003,"
"
35070,Out of Control,2003,"Comedy, Romance
"
35071,Paanch,2003,"
"
35072,Parwana,2003,"Action, Drama, Thriller
"
35073,Patth,2003,"
"
35074,Pehli Nazar Ka Pehla Pyaar: Love at First Sight,2003,"
"
35075,Pinjar,2003,"Drama, Social
"
35076,The Pink Mirror,2003,"Social Drama
"
35077,Praan Jaye Par Shaan Na Jaye,2003,"Comedy
"
35078,Qayamat: City Under Threat,2003,"Thriller
"
35079,Raghu More: Bachelor of Hearts,2003,"Drama
"
35080,Raghu Romeo,2003,"Drama
"
35081,Raja Bhaiya,2003,"Comedy
"
35082,Rasikan Re,2003,"
"
35083,"Right Here, Right Now",2003,"Parallel Short
"
35084,Rules: Pyaar Ka Superhit Formula,2003,"Romance, Comedy
"
35085,Saaya,2003,"Drama
"
35086,Sala Bandar!,2003,"
"
35087,Samay: When Time Strikes,2003,"Thriller
"
35088,Sanatta: The Silence,2003,"
"
35089,Sandhya,2003,"
"
35090,Satta,2003,"Drama, Social
"
35091,Satyaghath: Crime Never Pays,2003,"
"
35092,Shanti,2003,"
"
35093,Sssshhh...,2003,"Thriller
"
35094,Stumped,2003,"Sports Drama
"
35095,Supari,2003,"
"
35096,Surya,2003,"
"
35097,Tada,2003,"
"
35098,Taj Mahal: A Monument of Love,2003,"
"
35099,Talaash: The Hunt Begins...,2003,"Thriller
"
35100,Tareekh,2003,"
"
35101,Tehzeeb,2003,"Drama
"
35102,Tere Naam,2003,"Drama, Romance
"
35103,Tu Bal Bramhachari Main Hoon Kanya Kunwari,2003,"
"
35104,Tujhe Meri Kasam,2003,"Romance
"
35105,Tumse Milke Wrong Number,2003,"Thriller
"
35106,Valentine Days,2003,"
"
35107,Waisa Bhi Hota Hai Part II,2003,"Action Drama
"
35108,Xcuse Me,2003,"Comedy
"
35109,Yeh Dil,2003,"Romance, Drama
"
35110,Zameen,2003,"Thriller
"
35111,Aabra Ka Daabra,2004,"Fantasy
"
35112,Aan: Men at Work,2004,"Action
"
35113,Ab... Bas!,2004,"Adult
"
35114,Ab Tumhare Hawale Watan Saathiyo,2004,"War, Drama
"
35115,Aetbaar,2004,"Thriller
"
35116,Agnipankh,2004,"
"
35117,Aitraaz,2004,"Drama, Romance, Thriller
"
35118,Asambhav,2004,"Mystery, Thriller
"
35119,Banana Brothers,2004,"Comedy
"
35120,Bardaasht,2004,"Action, Drama, Thriller
"
35121,Chameli,2004,"Drama
"
35122,Chand Bujh Gaya,2004,"Romance
"
35123,Charas,2004,"Action
"
35124,Deewaar,2004,"Drama
"
35125,Dev,2004,"Drama
"
35126,Dhoom,2004,"Thriller, Action
"
35127,Dil Bechara Pyaar Ka Maara,2004,"Comedy
"
35128,Dil Maange More,2004,"Romance, Comedy
"
35129,Dil Ne Jise Apna Kahaa,2004,"Drama, Romance
"
35130,Dobara,2004,"Drama
"
35131,Dukaan,2004,"Adult Romance
"
35132,Ek Se Badhkar Ek,2004,"Comedy
"
35133,Ek Hasina Thi,2004,"Thriller, Drama
"
35134,Fida,2004,"Drama, Romance, Thriller
"
35135,Garv,2004,"Drama
"
35136,Gayab,2004,"Fantasy, Thriller
"
35137,Girlfriend,2004,"Drama, Romance
"
35138,Hatya (2004 film),2004,"
"
35139,Hava Aney Dey,2004,"Drama
"
35140,Hawas (2004 film),2004,"Erotic Romance
"
35141,Hulchul,2004,"Comedy, Drama, Romance, Family
"
35142,Hum Tum,2004,"Comedy, Romance, Drama, Musical
"
35143,Hyderabad Blues 2,2004,"Drama
"
35144,I Proud to Be an Indian,2004,"Action
"
35145,Insaaf: The Justice,2004,"Action
"
35146,Inteqam: The Perfect Game,2004,"Action
"
35147,Ishq Hai Tumse,2004,"Drama
"
35148,Julie,2004,"Adult Drama
"
35149,Kaun Hai Jo Sapno Mein Aaya,2004,"Romance
"
35150,Kaya Taran,2004,"Drama
"
35151,Khakee,2004,"Action, Thriller
"
35152,Khamosh Pani,2004,"Drama
"
35153,King of Bollywood,2004,"Comedy
"
35154,Kis Kis Ki Kismat,2004,"Comedy
"
35155,Kismat,2004,"Thriller
"
35156,Kiss Kis Ko,2004,"Adult Comedy
"
35157,Krishna Cottage,2004,"Thriller
"
35158,Kyun! Ho Gaya Na...,2004,"Romance, Drama, Comedy
"
35159,Lakeer – Forbidden Lines,2004,"Action, Drama, Romance
"
35160,Lakshya,2004,"War, Drama, Action, Romance
"
35161,Let's Enjoy,2004,"Adult Thriller
"
35162,Madhoshi,2004,"Drama, Romance, Thriller
"
35163,Main Hoon Na,2004,"Action, Musical, Drama, Comedy
"
35164,Maqbool,2004,"Mystery, Drama
"
35165,Masti,2004,"Comedy
"
35166,Meenaxi: A Tale of Three Cities,2004,"Romance, Musical Drama
"
35167,Meri Biwi Ka Jawaab Nahin,2004,"Action, Comedy, Romance
"
35168,Mughal-e-Azam (Colorized Version),2004,"Drama
"
35169,Mujhse Shaadi Karogi,2004,"Comedy, Romance, Musical
"
35170,Murder (2004 film),2004,"Thriller, Romance
"
35171,Musafir,2004,"Thriller
"
35172,Muskaan,2004,"Romance, Drama
"
35173,Naach,2004,"Drama
"
35174,Netaji Subhas Chandra Bose: The Forgotten Hero,2004,"War, Biographical
"
35175,Paap,2004,"Drama
"
35176,Paisa Vasool,2004,"Black Comedy
"
35177,Phir Milenge,2004,"Drama, Social
"
35178,Plan (film),2004,"Action
"
35179,Police Force: An Inside Story,2004,"Action
"
35180,Popcorn Khao! Mast Ho Jao,2004,"
"
35181,Raincoat (film),2004,"Drama
"
35182,Rakht,2004,"Horror
"
35183,Rok Sako To Rok Lo,2004,"Sports Comedy
"
35184,Rudraksh (film),2004,"Thriller
"
35185,Run,2004,"Action, Drama, Romance
"
35186,Shaadi Ka Laddoo,2004,"Comedy
"
35187,Shart: The Challenge,2004,"Action, Drama
"
35188,Sheen,2004,"Romance
"
35189,Shikhaar,2004,"Drama
"
35190,Shukriya: Till Death Do Us Apart,2004,"Drama
"
35191,Silence Please...The Dressing Room,2004,"Thriller
"
35192,Stop!,2004,"Romance, Drama
"
35193,Suno Sasurjee,2004,"Romantic, Comedy
"
35194,Swades,2004,"Drama, Social
"
35195,Taarzan: The Wonder Car,2004,"Fantasy Thriller
"
35196,Thoda Tum Badlo Thoda Hum,2004,"Romance
"
35197,Tumsa Nahin Dekha: A Love Story,2004,"Romance
"
35198,Uff Kya Jaadoo Mohabbat Hai,2004,"Romance
"
35199,Vaastu Shastra (film),2004,"Horror
"
35200,Veer-Zaara,2004,"Drama, Romance, Family, Musical
"
35201,Wajahh: A Reason to Kill,2004,"Thriller
"
35202,Where's the Party Yaar?,2004,"Comedy
"
35203,Woh,2004,"Thriller
"
35204,Yeh Lamhe Judaai Ke,2004,"Drama
"
35205,Yehi Hai Zindagi,2004,"Drama
"
35206,Yuva,2004,"Drama, Action
"
35207,7.5 Phere,2005,"Comedy
"
35208,"99.9 FM,",2005,"Crime / Thriller
"
35209,Aashiq Banaya Aapne,2005,"Romance, Drama / Thriller
"
35210,Amavas,2005,"
"
35212,Apaharan,2005,"Drama, Action
"
35213,Bachke Rehna Re Baba,2005,"Comedy
"
35214,Barsaat,2005,"Romance, Drama, Family
"
35215,Bewafaa,2005,"Drama, Romance
"
35216,Bhagmati,2005,"Romance
"
35217,Bhola in Bollywood,2005,"Comedy
"
35218,Black,2005,"Drama, Social
"
35219,Blackmail,2005,"Thriller, Drama
"
35220,Bluffmaster!,2005,"Comedy
"
35221,Brides Wanted,2005,"Comedy
"
35222,Bullet: Ek Dhamaka,2005,"Action
"
35223,Bunty Aur Babli,2005,"Comedy, Crime, Romance, Musical
"
35224,Chaahat – Ek Nasha,2005,"Romance
"
35225,Chand Sa Roshan Chehra,2005,"Romance
"
35226,Chausar,2005,"
"
35227,Chehraa,2005,"Thriller
"
35228,Chetna: The Excitement,2005,"Erotic Drama
"
35229,Chocolate,2005,"Action, Thriller, Suspense
"
35230,Chor Mandi,2005,"Comedy
"
35231,Classic – Dance of Love,2005,"Erotic Thriller
"
35232,D,2005,"Crime, Drama
"
35233,Dansh,2005,"Drama
"
35234,Deewane Huye Paagal,2005,"Romantic Comedy
"
35235,Dil Jo Bhi Kahey...,2005,"Family drama
"
35236,Dosti: Friends Forever,2005,"Drama, Romance
"
35237,Double Cross - Ek Dhoka,2005,"
"
35238,Dreams,2005,"
"
35239,Dus,2005,"Action, Thriller
"
35240,Ek Ajnabee,2005,"Thriller
"
35241,Ek Khiladi Ek Haseena,2005,"Thriller
"
35242,Elaan,2005,"Action, Drama
"
35243,Fareb,2005,"Thriller
"
35244,Film Star,2005,"Drama
"
35245,Fun – Can Be Dangerous Sometimes,2005,"Erotic Drama
"
35246,Garam Masala,2005,"Comedy
"
35247,Hanuman,2005,"Animated
"
35248,Hazaaron Khwaishein Aisi,2005,"Drama
"
35249,Home Delivery,2005,"Comedy
"
35250,Hum Dum,2005,"Romance
"
35251,Insan,2005,"Action, Thriller
"
35252,Iqbal,2005,"Sports, Drama, Social
"
35253,Jackpot,2005,"Erotic, Crime
"
35254,Jai Chiranjeeva,2005,"Drama
"
35255,Jalwa - Fun in Love,2005,"Erotic romance
"
35256,James,2005,"Action
"
35257,Jo Bole So Nihaal,2005,"Action, Comedy
"
35258,Jurm,2005,"Thriller
"
35259,Kaal,2005,"Horror, Thriller
"
35260,Kalyug,2005,"Drama
"
35261,Karam,2005,"Thriller
"
35262,Kasak,2005,"Drama
"
35263,Khamoshh... Khauff Ki Raat,2005,"Thriller
"
35264,Kisna: The Warrior Poet,2005,"Drama, Historical
"
35265,Koi Aap Sa,2005,"Drama, Romance
"
35266,Koi Mere Dil Mein Hai,2005,"Drama
"
35267,Kuchh Meetha Ho Jaye,2005,"Comedy, Drama, Romance
"
35268,Kyaa Kool Hai Hum,2005,"Comedy
"
35269,Kyon Ki,2005,"Drama, Romance
"
35270,Lucky: No Time for Love,2005,"Romance, Musical
"
35271,Main Aisa Hi Hoon,2005,"Drama
"
35272,"Main, Meri Patni Aur Woh",2005,"Romance, Comedy
"
35273,Maine Gandhi Ko Nahin Mara,2005,"Drama, Social
"
35274,Maine Pyaar Kyun Kiya?,2005,"Comedy
"
35275,Mangal Pandey: The Rising,2005,"Drama, Historical
"
35276,Mashooka,2005,"Erotic thriller
"
35277,Mazaa Mazaa,2005,"Comedy, Drama
"
35278,Men Not Allowed,2005,"Romance
"
35279,Morning Raga,2005,"Drama
"
35280,Mr Ya Miss,2005,"Comedy
"
35281,Mr Prime Minister,2005,"Drama
"
35282,Mumbai Xpress,2005,"Comedy
"
35283,Mumbai Godfather,2005,"Drama
"
35284,My Brother... Nikhil,2005,"Drama, Social
"
35285,My Wife's Murder,2005,"Drama, Thriller
"
35286,Naam Gum Jaayega,2005,"Romance
"
35287,Naina,2005,"Horror, Thriller
"
35288,Neal 'n' Nikki,2005,"Comedy, Romance
"
35289,Nigehbaan,2005,"
"
35290,No Entry,2005,"Comedy
"
35291,Padmashree Laloo Prasad Yadav,2005,"Comedy
"
35292,Page 3,2005,"Drama, Social
"
35293,Pehchaan: The Face of Truth,2005,"Drama
"
35294,Paheli,2005,"Fantasy, Romance, Musical
"
35295,Parineeta,2005,"Drama
"
35296,Pyaar Mein Twist,2005,"Drama, Romance
"
35297,Ramji Londonwale,2005,"Comedy, Drama
"
35298,Revati,2005,"Drama
"
35299,Rog,2005,"Drama, Thriller
"
35300,Saathi: The Companion,2005,"
"
35301,Salaam Namaste,2005,"Romance, Comedy, Drama, Social
"
35302,Sarkar,2005,"Crime, Drama
"
35303,Sauda - The Deal,2005,"
"
35304,Sehar,2005,"Crime Drama
"
35305,Shaadi No. 1,2005,"Comedy, Romance
"
35306,Shabd,2005,"Drama
"
35307,Shabnam Mausi,2005,"Biographical
"
35308,Sheesha,2005,"Thriller
"
35309,Shikhar,2005,"Drama
"
35310,Silsiilay,2005,"Romance
"
35311,Sitam,2005,"
"
35312,Socha Na Tha,2005,"Romance, Comedy
"
35313,Ssukh,2005,"Comedy
"
35314,Taj Mahal: An Eternal Love Story,2005,"History, Epic, Romance
"
35315,Tango Charlie,2005,"War, Drama
"
35316,Tezaab – The Acid of Love,2005,"Erotic
"
35317,The Film,2005,"Thriller
"
35318,Time Pass,2005,"
"
35319,Topless,2005,"
"
35320,"U, Bomsi n Me",2005,"Drama
"
35321,Vaada,2005,"Thriller
"
35322,Vaah! Life Ho Toh Aisi!,2005,"Fantasy, Comedy
"
35323,Vidyaarthi,2005,"
"
35324,Viruddh... Family Comes First,2005,"Drama
"
35325,Waqt: The Race Against Time,2005,"Drama
"
35326,Yahaan,2005,"Romance
"
35327,Yakeen,2005,"Drama
"
35328,Zameer: The Fire Within,2005,"Drama
"
35329,Zeher,2005,"Drama, Thriller
"
35330,36 China Town,2006,"Thriller, Mystery"
35331,Aap Ki Khatir,2006,"Comedy, Romance, Social"
35332,Aatma,2006,Horror
35333,Adharm,2006,Historical Drama
35334,Ahista Ahista,2006,"Drama, Romance"
35335,Aisa Kyon Hota Hai?,2006,Drama
35336,Aksar,2006,Thriller
35337,Alag,2006,Drama
35338,Anjaan,2006,
35339,Ankahee,2006,"Drama, Romance, Crime"
35340,Anthony Kaun Hai?,2006,"Comedy, Thriller"
35341,Apna Sapna Money Money,2006,Comedy
35342,Aryan: Unbreakable,2006,"Action, Sports, Romance"
35343,Baabul,2006,"Drama, Romance, Family, Social"
35344,Banaras,2006,"Drama, Social"
35345,Bas Ek Pal,2006,Crime Drama
35346,Being Cyrus,2006,"Drama, Comedy"
35347,Bhagam Bhag,2006,"Comedy, Musical"
35348,Bhoot Unkle,2006,Comedy
35349,Chand Ke Paar Chalo,2006,Drama
35350,Chingaari,2006,"Drama, Social"
35351,Chup Chup Ke,2006,"Comedy, Romance"
35352,Corporate,2006,"Drama, Thriller, Business"
35353,Darna Zaroori Hai,2006,Horror
35354,Darwaaza Bandh Rakho,2006,"Comedy, Crime"
35355,Deadline: Sirf 24 Ghante,2006,Thriller
35356,Devaki,2006,Drama
35357,Dharti Kahe Pukar Ke,2006,Drama
35358,Dhoom 2,2006,"Thriller, Action, Romance, Musical"
35359,Dil Diya Hai,2006,Thriller
35360,Don,2006,"Thriller, Action, Drama"
35361,Dor,2006,"Drama, Social"
35362,Dulha Babu,2006,
35363,Eight: The Power of Shani,2006,
35364,Ek Main Ek Tum,2006,
35365,Family,2006,"Drama, Thriller"
35366,Fanaa,2006,"Drama, Romance, Thriller, Musical"
35367,Fight Club – Members Only,2006,"Action, Thriller"
35368,Gangster,2006,"Drama, Romance, Thriller, Musical"
35369,Golmaal: Fun Unlimited,2006,Comedy
35370,Haseena,2006,"Thriller, Comedy"
35371,Holiday,2006,Romance
35372,Humko Deewana Kar Gaye,2006,"Romance, Drama, Musical"
35373,Humko Tumse Pyaar Hai,2006,"Drama, Romance"
35374,Iqraar by Chance,2006,"Action, Drama"
35375,I See You,2006,"Drama, Romance, Social"
35376,Jaane Hoga Kya,2006,"Supensene, Thriller, Sci-fi"
35377,Jaadu Sa Chal Gaya,2006,
35378,Jaana - Let's Fall In Love,2006,
35379,Jaan-E-Mann,2006,"Drama, Romance, Musical, Comedy"
35380,Jawani Diwani,2006,"Comedy, Adult"
35381,Jigyaasa,2006,"Social, Adult"
35382,Kabul Express,2006,"Drama, Thriller, War"
35383,Kabhi Alvida Naa Kehna,2006,"Drama, Romance, Musical, Comedy, Family, Social"
35384,Khosla Ka Ghosla,2006,Comedy
35385,Krishna,2006,Computer animated
35386,Krrish,2006,"Superhero, Action, Fantasy, Romance, Musical, Adventure"
35387,Kudiyon Ka Hai Zamana,2006,Comedy
35388,Lady Chatterjee - Sawan Dutta,2006,
35389,Lage Raho Munna Bhai,2006,"Comedy, Social, Musical"
35390,Love Ke Chakkar Mein,2006,"Romance, Comedy"
35391,Madhubaala,2006,
35392,Malamaal Weekly,2006,Comedy
35393,Mere Jeevan Saathi,2006,"Drama, Romance"
35394,Meri Jung,2006,
35395,Mirza Sahiba,2006,
35396,Mobile Phone,2006,
35397,Mr 100% - The Real Player,2006,
35398,Naksha,2006,"Thriller, Fantasy"
35399,Omkara,2006,"Drama, Social, Action"
35400,Phir Hera Pheri,2006,Comedy
35401,Prateeksha,2006,Action
35402,Pyaar Ke Side Effects,2006,"Comedy, Romance"
35403,Pyare Mohan,2006,Comedy
35404,Rafta Rafta,2006,
35405,Rang De Basanti,2006,"Drama, Patriotic, Social"
35406,Rehguzar - The Road to Destiny,2006,
35407,Rocky,2006,"Action, Romance"
35408,Saawan... The Love Season,2006,"Drama, Romance"
35409,Sacred Evil – A True Story,2006,"Horror, Thriller"
35410,Salaam Bacche,2006,
35411,Sandwich,2006,Comedy
35412,Sarhad Paar,2006,Drama
35413,Shaadi Karke Phas Gaya Yaar,2006,"Drama, Romance"
35414,Shaadi Se Pehle,2006,"Comedy, Romance"
35416,Shiva,2006,Action
35417,Souten: The Other Woman,2006,Drama
35418,Strings - Bound By Faith,2006,
35419,Sun Zara,2006,
35420,Tathastu,2006,"Drama, Family"
35421,Taxi No. 9211,2006,"Social, Thriller"
35422,Teesri Aankh: The Hidden Camera,2006,"Action, Thriller"
35423,The Killer,2006,
35424,The Real Dream Girls,2006,B-grade
35425,Tom Dick And Harry,2006,Comedy
35426,Umar,2006,Drama
35427,Umrao Jaan,2006,"Drama, Romance, Social, Historical"
35428,Unns...Means Love,2006,
35429,Utthaan,2006,
35430,Vivah,2006,"Romance, Drama"
35431,Waris Shah: Ishq Daa Waaris,2006,Historical Drama
35432,Woh Lamhe...,2006,"Drama, Romance, Social"
35433,Yun Hota Toh Kya Hota,2006,Drama
35434,Zinda,2006,Thriller
35435,Zindaggi Rocks,2006,Drama
35436,1971,2007,"War
"
35437,50 Lakh,2007,"
"
35438,68 Pages,2007,"Social Drama
"
35439,Aag,2007,"Action, Thriller
"
35440,Aaja Nachle,2007,"Musical
"
35441,Aap Kaa Surroor,2007,"Drama, Thriller, Romance
"
35442,Aggar,2007,"Drama, Thriller
"
35443,Anjaam,2007,"Thriller
"
35444,Anwar,2007,"Drama
"
35445,Apna Asmaan,2007,"Drama
"
35446,Apne,2007,"Family, Drama, Sports
"
35447,Aur Pappu Paas Ho Gaya,2007,"Comedy
"
35448,Awarapan,2007,"Action, Drama
"
35449,Bal Ganesh,2007,"Mythological
"
35450,Benaam,2007,"Action
"
35451,Bheja Fry,2007,"Comedy
"
35452,Bhool Bhulaiyaa,2007,"Mystery, Thriller, Comedy
"
35453,Bhram,2007,"Thriller
"
35454,Big Brother,2007,"Action, Drama, Romance, Crime
"
35455,Black Friday,2007,"Crime Fiction, Drama, Historical
"
35456,Blood Brothers,2007,"Short Film
"
35457,The Blue Umbrella,2007,"Children's
"
35458,Bombay to Goa ,2007,"Comedy
"
35459,Buddha Mar Gaya,2007,"Comedy
"
35460,Cash,2007,"Thriller
"
35461,Chak De! India,2007,"Sports
"
35462,Chanchal,2007,"Drama, Musical
"
35463,Cheeni Kum,2007,"Romance, Comedy, Drama
"
35464,Chhodon Naa Yaar,2007,"Horror
"
35465,Chooriyan,2007,"Family, Drama
"
35466,Cocktail: The Deadly Combination,2007,"Thriller
"
35467,Darling,2007,"Thriller, Horror, Romance, Mystery
"
35468,Delhii Heights,2007,"Drama
"
35469,Dhamaal,2007,"Comedy
"
35470,Goal,2007,"Sports
"
35471,Dharm,2007,"
"
35472,Dhokha,2007,"Action, Thriller
"
35473,Dhol,2007,"Comedy
"
35474,Dil Dosti Etc,2007,"Drama
"
35475,Don't Stop Dreaming,2007,"Drama
"
35476,Dus Kahaniyaan,2007,"Drama
"
35477,Ek Chalis Ki Last Local,2007,"Comedy, Thriller
"
35478,Eklavya: The Royal Guard,2007,"Drama
"
35479,Familywala,2007,"Romance, Comedy
"
35480,Fool & Final,2007,"Action, Comedy, Romance, Musical
"
35481,"Gandhi, My Father",2007,"Drama
"
35482,Gauri: The Unborn,2007,"Horror
"
35483,Go,2007,"Romance, Drama
"
35484,"Good Boy, Bad Boy",2007,"Comedy
"
35485,Guru,2007,"Drama, Romance
"
35486,Har Pal,2007,"Romance
"
35487,Hastey Hastey,2007,"Comedy
"
35488,Hattrick,2007,"Comedy
"
35489,Heyy Babyy,2007,"Comedy, Drama, Romance
"
35490,Honeymoon Travels Pvt. Ltd.,2007,"Comedy, Drama, Romance
"
35491,Jab We Met,2007,"Romance, comedy
"
35492,Jahan Jaaeyega Hamen Paaeyega,2007,"Comedy
"
35493,Jhoom Barabar Jhoom,2007,"Romance, Comedy
"
35494,Johnny Gaddaar,2007,"Thriller
"
35495,Just Married,2007,"Drama, Romance, Social, Comedy
"
35496,Kaafila,2007,"Action, Patriotic
"
35497,Khoya Khoya Chand,2007,"Romance, Drama
"
35498,Kya Love Story Hai,2007,"Romance
"
35499,Laaga Chunari Mein Daag,2007,"Drama
"
35500,Life in a... Metro,2007,"Drama
"
35501,Life Mein Kabhie Kabhiee,2007,"Thriller
"
35502,Loins of Punjab Presents,2007,"Musical, Drama
"
35503,Manorama Six Feet Under,2007,"Thriller
"
35504,MP3: Mera Pehla Pehla Pyaar,2007,"Romance
"
35505,Mumbai Salsa,2007,"Romance, Drama
"
35506,My Bollywood Bride,2007,"Romance
"
35507,Namastey London,2007,"Romance, Comedy, Drama, Social
"
35508,Nanhe Jaisalmer,2007,"Drama
"
35509,Naqaab,2007,"Thriller
"
35510,Nehlle Pe Dehlla,2007,"Comedy
"
35511,Nishabd,2007,"Drama
"
35512,No Smoking,2007,"Drama, Thriller
"
35513,Oh My Anand,2007,"Comedy
"
35514,Om Shanti Om,2007,"Action, Romance, Comedy, Drama
"
35515,Partner,2007,"Comedy, Romance
"
35516,Raqeeb,2007,"Romance
"
35517,Red: The Dark Side,2007,"Thriller
"
35518,Red Swastik,2007,"Thriller
"
35519,Risk,2007,"Action, Drama
"
35520,Salaam-e-Ishq: A Tribute to Love,2007,"Romance
"
35521,Saawariya,2007,"Drama, romance
"
35523,Sambar Salsa,2007,"Romance, Drama
"
35524,Say Salaam India,2007,"Cricket
"
35525,Shakalaka Boom Boom,2007,"Drama, social, musical, romance
"
35526,Shootout at Lokhandwala,2007,"Action, crime, drama
"
35527,Showbiz,2007,"Drama
"
35528,Speed,2007,"Thriller
"
35529,Strangers,2007,"
"
35530,Sunglass,2007,"Comedy, Thriller
"
35531,Swami,2007,"Drama
"
35532,Ta Ra Rum Pum,2007,"Romance, drama, social
"
35533,Taare Zameen Par,2007,"Drama
"
35534,Traffic Signal,2007,"Drama
"
35535,The Train,2007,"Drama Thriller
"
35536,Victoria No. 203,2007,"Comedy
"
35537,Welcome,2007,"Comedy
"
35538,Yatra,2007,"Drama
"
35539,Zamaanat,2007,"Drama
"
35550,Humne Jeena Seekh Liya,2008,Comedy
35551,Halla Bol,2008,Social
35552,My Name Is Anthony Gonsalves,2008,"Crime, Drama"
35553,Bombay to Bangkok,2008,"Comedy, Drama, Romance"
35554,Tulsi,2008,Drama
35555,Sunday,2008,"Action, Comedy"
35556,Rama Rama Kya Hai Dramaa?,2008,Comedy
35557,Superstar,2008,Drama
35558,Jodhaa Akbar,2008,"History, Romance"
35559,Black & White,2008,"Social, Drama, History"
35560,Race,2008,"Crime, Thriller"
35561,One Two Three,2008,"Comedy, Drama"
35562,Shaurya,2008,Drama
35563,Krazzy 4,2008,Comedy
35564,U Me Aur Hum,2008,Romance
35565,Pehli Nazar Ka Pyaar,2008,Romance
35566,Sirf,2008,"Drama, Romance"
35567,Tashan,2008,"Action, Romance"
35568,Mr. Black Mr. White,2008,Comedy
35569,Anamika,2008,Thriller
35570,Jimmy,2008,"Drama, Action, Crime, Thriller, Romance"
35571,Bhoothnath,2008,"Comedy, Drama, Fantasy"
35572,Jannat,2008,"Drama, Romance"
35573,Don Muthu Swami,2008,Comedy
35574,Ghatothkach,2008,Fantasy
35575,Woodstock Villa,2008,Thriller
35576,Aamir,2008,"Drama, Thriller"
35577,Sarkar Raj,2008,"Action, Crime, Drama, Thriller"
35578,Mere Baap Pehle Aap,2008,Comedy
35579,Summer 2007,2008,Drama
35580,De Taali,2008,"Comedy, Romance"
35581,Haal-e-Dil,2008,"Drama, Romance"
35582,Thoda Pyaar Thoda Magic,2008,"Drama, Romance, Fantasy"
35583,Thodi Life Thoda Magic,2008,Drama
35584,Via Darjeeling,2008,"Drama, Mystery, Thriller"
35585,Jaane Tu... Ya Jaane Na,2008,"Romance, Comedy, Drama"
35586,Love Story 2050,2008,"Drama, Musical, Romance"
35587,Mehbooba,2008,Romance
35588,Kismat Konnection,2008,"Comedy, Drama, Romance"
35589,Contract,2008,"Thriller, Spy"
35590,Mission Istaanbul,2008,Adventure
35591,Money Hai Toh Honey Hai,2008,"Comedy, Drama, Romance"
35592,Ugly Aur Pagli,2008,Comedy
35593,Good Luck!,2008,"Comedy, Drama"
35594,Singh Is Kinng,2008,"Action, Comedy, Crime, Romance"
35595,Bachna Ae Haseeno,2008,"Comedy, Drama, Romance"
35596,God Tussi Great Ho,2008,"Comedy, Romance"
35597,Phoonk,2008,Horror
35598,Mumbai Meri Jaan,2008,Drama
35599,Maan Gaye Mughal-e-Azam,2008,Comedy
35600,Rock On!!,2008,"Drama, Romance, Musical"
35601,C Kkompany,2008,Comedy
35602,Chamku,2008,"Musical, Romance, Thriller"
35603,Mukhbiir,2008,Thriller
35604,A Wednesday!,2008,"Drama, Thriller"
35605,Tahaan,2008,"Adventure, Drama"
35606,1920,2008,"Horror, Mystery, Romance, Thriller"
35607,The Last Lear,2008,"Biography, Drama"
35608,Welcome to Sajjanpur,2008,"Comedy, Drama"
35609,Saas Bahu Aur Sensex,2008,Comedy
35610,Hari Puttar: A Comedy of Terrors,2008,Comedy
35611,Kidnap,2008,"Crime, Thriller"
35612,Drona,2008,"Superhero, Action, Adventure, Fantasy"
35613,Hello,2008,"Drama, Romance"
35614,Karzzzz,2008,"Action, Romance"
35615,Heroes,2008,Drama
35616,Roadside Romeo,2008,"Animation, Family, Romance"
35617,Golmaal Returns,2008,Comedy
35618,Fashion,2008,"Drama, Romance"
35619,EMI - Liya Hai Toh Chukana Parega,2008,"Comedy, Social"
35620,Ek Vivaah... Aisa Bhi,2008,Drama
35621,Dasvidaniya,2008,"Comedy, Drama, Musical, Romance"
35622,Dostana,2008,Comedy
35623,Deshdrohi,2008,Politics
35624,Yuvvraaj,2008,"Musical, Drama, Romance, Family"
35625,Gumnaam – The Mystery,2008,"Thriller, Mystery"
35626,Oye Lucky! Lucky Oye!,2008,"Comedy, Drama"
35627,Sorry Bhai!,2008,Romance
35628,Maharathi,2008,Thriller
35629,Dil Kabaddi,2008,"Comedy, Romance"
35630,Meerabai Not Out,2008,Drama
35631,"Oh, My God",2008,Comedy
35632,Rab Ne Bana Di Jodi,2008,"Comedy, Drama, Romance"
35633,Wafaa,2008,"Romance, Drama, Romance"
35634,Ghajini,2008,"Action, Drama, Mystery, Romance, Thriller"
35635,Jumbo,2008,Animation
35646,Mumbai Chakachak,2009,Drama
35647,Horn 'Ok' Pleassss,2009,Romantic comedy
35648,Chandni Chowk to China,2009,"Action, Comedy"
35649,Aasma: The Sky Is the Limit,2009,Drama
35650,Raaz: The Mystery Continues,2009,Horror
35651,Luck by Chance,2009,Drama
35652,Victory,2009,Sports
35653,Dev.D,2009,Romance
35654,Chal Chala Chal,2009,Comedy
35655,Mere Khwabon Mein Jo Aaye,2009,"Drama, Fantasy, Musical"
35656,Billu,2009,Drama
35657,The Stoneman Murders,2009,"Crime, Drama, Mystery"
35658,Delhi-6,2009,"Romance, Drama"
35659,Kisse Pyaar Karoon,2009,Romance
35660,"13B
",2009,Horror
35661,"Dhoondte Reh Jaaoge
",2009,Comedy
35662,"Karma Aur Holi
",2009,Drama
35663,"Jai Veeru
",2009,Action Comedy
35664,"Little Zizou
",2009,Comedy
35665,"Gulaal
",2009,Drama
35666,"Aloo Chaat
",2009,Romantic comedy
35667,"Barah Aana
",2009,Drama
35668,"Firaaq
",2009,Political
35669,"Lottery
",2009,Comedy
35670,"Straight
",2009,Romantic comedy
35671,"Aa Dekhen Zara
",2009,"Action, Thriller"
35672,"Ek: The Power of One
",2009,Action Thriller
35673,"Money
",2009,Action Dance
35674,8 x 10 Tasveer,2009,Thriller
35675,Ek Se Bure Do,2009,Comedy
35676,Pal Pal Dil Ke Ssaat,2009,Drama
35677,Coffee House,2009,Drama
35678,School Days,2009,
35679,Royal Utsav[2],2009,Historical Drama
35680,Kismatt: This Is Our Journey[3],2009,Romantic Drama
35681,Chowrasta Crossroads of Love[4],2009,Drama
35682,Meri Padosan[5],2009,Comedy
35683,Sikandar,2009,Social
35684,99,2009,Crime comedy
35685,"Suno Na, Ek Nanhi Awaaz[6]",2009,Drama
35686,Detective Naani,2009,Drama
35687,Yeh Pal Ho Na Ho kal[7],2009,Drama
35688,Sanam Teri Kasam,2009,"Comedy, Romance"
35689,Team - The Force[8],2009,Action
35690,Kal Kissne Dekha,2009,"Romance, Drama, Social, Comedy"
35691,Zor Lagaa Ke...Haiya!,2009,Children's
35692,Let's Dance,2009,Romance
35693,Paying Guests,2009,Comedy
35694,New York,2009,"Action Thriller, Romance"
35695,Kambakkht Ishq,2009,"Action, comedy, romance"
35696,Sankat City,2009,Dark comedy
35697,Shortkut,2009,Comedy
35698,Jashnn,2009,Musical
35699,Luck,2009,Action thriller
35700,Love Aaj Kal,2009,"Romance, Comedy, Drama"
35701,Agyaat,2009,Horror
35702,Chal Chalein,2009,Social
35703,Teree Sang,2009,Drama
35704,Kaminey,2009,Action
35705,Life Partner,2009,"Comedy, romance"
35706,"Three: Love, Lies, Betrayal",2009,Thriller
35707,Daddy Cool,2009,Comedy
35708,Kisaan,2009,Social
35709,Love Khichdi,2009,Comedy
35710,Quick Gun Murugun,2009,Comedy
35711,Toss,2009,Thriller
35712,Yeh Mera India,2009,Social
35713,Aagey Se Right,2009,Comedy
35714,Chintu Ji,2009,Comedy
35715,Fox,2009,Drama
35716,Aamras[9],2009,Drama
35717,Baabarr,2009,Action
35718,Phir Kabhi,2009,Drama
35719,Vaada Raha,2009,Romance
35720,Dil Bole Hadippa!,2009,"Romantic comedy, sports"
35721,Wanted,2009,"Action, romance"
35722,Blue Oranges[10],2009,Thriller
35724,What's Your Raashee?,2009,Romantic comedy
35725,Do Knot Disturb,2009,"Comedy, romance"
35726,Wake Up Sid,2009,Romantic comedy
35727,Acid Factory,2009,Action
35728,All the Best: Fun Begins,2009,Comedy
35729,Blue,2009,Action
35730,Main Aurr Mrs Khanna,2009,"Drama, romance"
35731,Bal Ganesh 2,2009,Animation
35732,Fruit and Nut,2009,Comedy
35733,Love Ka Tadka,2009,Romantic comedy
35734,London Dreams,2009,"Musical, social, drama, romance"
35735,Aladin,2009,Fantasy
35736,Ajab Prem Ki Ghazab Kahani,2009,"Comedy, romance"
35737,Jail,2009,Social
35738,Tum Mile,2009,Romance
35739,Aao Wish Karein,2009,Fantasy
35740,Kurbaan,2009,"Thriller, romance"
35741,Shaabash! You Can Do It,2009,"Comedy, thriller, social"
35742,Marega Salaa,2009,Action
35743,De Dana Dan ,2009,Comedy
35744,"Radio
",2009,Musical
35745,"Paa
",2009,"Drama, family"
35746,"Rocket Singh: Salesman of the Year
",2009,Comedy
35747,"Raat Gayi, Baat Gayi?
",2009,Drama
35748,"3 Idiots
",2009,Comedy
35749,"Accident on Hill Road
",2009,Thriller
35760,Dulha Mil Gaya,2010,Romantic comedy
35761,Pyaar Impossible!,2010,Romantic comedy
35762,Chance Pe Dance,2010,"Romance, Dance"
35763,Hello! Hum Lallan Bol Rahe Hain,2010,Comedy
35764,Veer,2010,Epic film
35765,Ishqiya,2010,"Black comedy, Romance"
35766,Rann,2010,"Drama, Thriller"
35767,Road To Sangam,2010,Drama
35768,The Hangman,2010,Drama
35769,Striker,2010,Action
35770,Sukhmani: Hope for Life,2010,Drama
35771,My Name Is Khan,2010,"Thriller, Adventure, Drama, Romance, Comedy"
35772,Aakhari Decision,2010,Action
35773,Click,2010,Horror
35774,Toh Baat Pakki!,2010,Romantic comedy
35775,Karthik Calling Karthik,2010,Thriller
35776,Teen Patti,2010,"Drama, Thriller"
35777,Atithi Tum Kab Jaoge?,2010,Comedy
35778,Hello Zindagi,2010,Drama
35779,"Road, Movie",2010,Drama
35780,Rokkk,2010,Thriller
35781,Thanks Maa,2010,Drama
35782,Do Dilon Ke Khel Mein,2010,Romantic comedy
35783,Hide & Seek,2010,Thriller
35784,Na Ghar Ke Na Ghaat Ke,2010,Comedy
35785,Right Yaaa Wrong,2010,Action
35786,Trump Card,2010,"Action, Thriller"
35787,Idiot Box,2010,Drama
35788,Lahore,2010,Sports/Social
35789,Love Sex Aur Dhokha,2010,Found footage
35790,Shaapit,2010,Horror
35791,Hum Tum Aur Ghost,2010,Comedy
35792,It's a Man's World,2010,Social
35793,Mittal v/s Mittal,2010,Romance
35794,My Friend Ganesha 3,2010,Animation
35795,Prem Kaa Game,2010,Comedy
35796,Well Done Abba,2010,Social
35797,Pankh,2010,Social
35798,Sadiyaan,2010,Romance
35799,Tum Milo Toh Sahi,2010,Social/Drama
35800,Jaane Kahan Se Aayi Hai,2010,Comedy/Romance/Fantasy
35801,Prince,2010,Action/Sci-Fi/Thriller
35802,The Japanese Wife,2010,Romance
35803,Paathshaala,2010,Social
35804,Phoonk 2,2010,Horror
35805,Apartment,2010,Thriller
35806,Bird Idol,2010,Animation
35807,City of Gold,2010,Social
35808,Kuchh Kariye,2010,
35809,Muskurake Dekh Zara,2010,Romantic Comedy
35810,Chase,2010,Action
35811,Housefull,2010,Comedy
35812,Badmaash Company,2010,Romance/Drama
35813,Bumm Bumm Bole,2010,Children/Drama
35814,Admissions Open,2010,Drama
35815,Kushti,2010,Comedy/Romance
35816,Raajneeti,2010,Drama/Political Thriller
35817,Ek Second... Jo Zindagi Badal De?,2010,Thriller
35818,Raavan,2010,Action/Romance
35819,Krantiveer – The Revolution,2010,Action
35820,Mr. Singh Mrs. Mehta,2010,Drama
35821,I Hate Luv Storys,2010,Romance
35822,Milenge Milenge,2010,Romance
35823,Red Alert: The War Within,2010,Action
35824,Lamhaa,2010,Action
35825,Tere Bin Laden,2010,Comedy
35826,Udaan,2010,Drama
35827,Khatta Meetha,2010,"Comedy, Drama, Romance"
35828,Once Upon a Time in Mumbaai,2010,"Action, Romance, Thriller, Crime"
35829,Aisha,2010,"Romance, Comedy"
35830,Help,2010,Horror
35831,Peepli Live,2010,"Political, Comedy"
35832,Lafangey Parindey,2010,Romance
35833,...And Once Again,2010,Drama
35834,Hello Darling,2010,Comedy
35835,Antardwand,2010,Crime
35836,Aashayein,2010,Drama
35837,Soch Lo,2010,"Mystery, Suspense"
35838,We Are Family,2010,"Drama, Romance"
35839,Mallika,2010,Horror
35840,The Film Emotional Atyachar,2010,Drama
35841,Dabangg,2010,Action
35842,Kings of Devon,2010,Comedy
35843,Anjaana Anjaani,2010,Romance
35844,Benny and Babloo,2010,Comedy
35845,Khichdi: The Movie,2010,Comedy
35846,Crook,2010,Thriller
35847,Do Dooni Chaar,2010,Comedy
35848,Aakrosh,2010,Thriller
35849,Pusher,2010,"Action, Drama"
35850,Knock Out,2010,Action
35851,Kajraare,2010,Romance
35852,Ramayana: The Epic,2010,Animation
35853,Hisss,2010,Horror/Thriller
35854,Jhootha Hi Sahi,2010,Romance
35855,Rakta Charitra,2010,Biographical
35856,Maalik Ek,2010,"Biographical, Animation"
35857,Nakshatra,2010,Romance
35858,Golmaal 3,2010,Comedy
35859,Action Replayy,2010,Comedy
35860,Dunno Y... Na Jaane Kyon,2010,Romance
35861,A Flat,2010,Thriller
35862,Ramaa: The Saviour,2010,"Action, Adventure"
35863,Guzaarish,2010,Romance/Drama
35864,"Shahrukh Bola ""Khoobsurat Hai Tu""",2010,Thriller
35865,Diwangi Ne Had Kar Di,2010,Romance/Thriller
35866,Allah Ke Banday,2010,Thriller
35867,Break Ke Baad,2010,Romance
35868,Khuda Kasam,2010,Action
35869,Khelein Hum Jee Jaan Sey,2010,Period
35870,Phas Gaye Re Obama,2010,Comedy/Crime
35871,Rakta Charitra 2,2010,Biographical
35872,Band Baaja Baaraat,2010,Romance/Drama
35873,No Problem,2010,Comedy
35874,332 Mumbai to India,2010,Thriller
35875,Payback,2010,Thriller
35876,Kaalo,2010,Horror
35877,Mirch,2010,Drama
35878,Tees Maar Khan,2010,Action comedy
35879,Isi Life Mein...!,2010,Drama
35880,Toonpur Ka Superrhero,2010,Animated
35881,Tera Kya Hoga Johnny,2010,Thriller
35882,Ada... A Way of Life,2010,Drama
35893,No One Killed Jessica,2011,Social thriller
35894,Impatient Vivek,2011,Adult/Comedy/Romance
35895,Yamla Pagla Deewana,2011,Comedy/Drama/Action
35896,Turning 30!!!,2011,Adult/Romance/Comedy
35897,Mumbai Mast Kallander,2011,Comedy/Comedy/Comedy
35898,Odyssey of Persistence,2011,Social
35899,Dhobi Ghat,2011,Drama
35900,Hostel,2011,Social
35901,Dil Toh Baccha Hai Ji,2011,Comedy
35902,Yeh Saali Zindagi,2011,Cult
35903,United Six,2011,Action/Thriller
35904,Utt Pataang,2011,Comedy
35905,Angel,2011,Drama
35906,Patiala House,2011,Family drama
35907,Aashiqui.in,2011,Romance
35908,7 Khoon Maaf,2011,Thriller/Black comedy
35909,Kaccha Limbo,2011,Children
35910,Masti Express,2011,Comedy
35911,Tanu Weds Manu,2011,Romance/Drama
35912,Satrangee Parachute,2011,Family
35913,Yeh Faasley,2011,Drama
35914,Happy Husbands,2011,Comedy
35915,Monica,2011,Drama
35916,Game,2011,Mystery/Action
35917,F.A.L.T.U,2011,Satire/Comedy/Teen film
35918,Memories in March,2011,Drama
35919,Thank You,2011,Comedy
35920,Teen Thay Bhai,2011,Drama
35921,Dum Maaro Dum,2011,Thriller
35922,Zokkomon,2011,Superhero/Children
35923,Shor in the City,2011,Drama/Cult
35924,Chalo Dilli,2011,Comedy Road movie
35925,I Am,2011,Social/Drama
35926,Naughty @ 40,2011,Comedy
35927,Luv Ka The End,2011,Teen/Comedy
35928,Haunted – 3D,2011,Horror
35929,Love U...Mr. Kalakaar!,2011,Romance/Comedy
35930,Ragini MMS,2011,Horror/Romance
35931,Shagird,2011,Action/Drama
35932,Stanley Ka Dabba,2011,Children
35933,404,2011,Psychological thriller
35934,Crackers,2011,Animation
35935,Pyaar Ka Punchnama,2011,Romance/Comedy
35936,Kucch Luv Jaisaa,2011,Drama/Comedy
35937,Ready,2011,Comedy
35938,Shaitan,2011,Drama/Thriller
35939,Bheja Fry 2,2011,Comedy
35940,Always Kabhi Kabhi,2011,Romance/Teen
35941,Bhindi Baazaar Inc.,2011,Thriller
35942,Bin Bulaye Baraati,2011,Crime
35943,Double Dhamaal,2011,Comedy
35945,Bbuddah... Hoga Terra Baap,2011,Action
35946,Delhi Belly,2011,Action/Comedy
35947,Murder 2,2011,Psychological thriller
35948,Chillar Party,2011,Children
35949,Zindagi Na Milegi Dobara,2011,Romance/Road
35950,Singham,2011,Action
35951,Khap,2011,Social
35952,Gandhi to Hitler,2011,Biographical
35953,Bubble Gum,2011,Drama
35954,Chala Mussaddi... Office Office,2011,Comedy/Social
35955,I Am Kalam,2011,Drama
35956,Milta Hai Chance By Chance,2011,Comedy/Romance
35957,Warning,2011,Horror
35958,Aarakshan,2011,Social
35959,Phhir,2011,Thriller
35960,Chatur Singh Two Star,2011,Comedy
35961,Not a Love Story,2011,Crime
35962,Sahi Dhandhe Galat Bande,2011,Comedy
35963,Chitkabrey – Shades of Grey,2011,Social
35964,Shabri,2011,Action
35965,Yeh Dooriyan,2011,Romance
35966,Bodyguard,2011,Romance/Action
35967,Mummy Punjabi,2011,Comedy
35968,That Girl in Yellow Boots,2011,Social
35969,Mere Brother Ki Dulhan,2011,Romance/Comedy
35970,Rivaaz,2011,Social
35971,Mausam,2011,Romance
35972,Breakaway,2011,Drama
35973,U R My Jaan,2011,Romance
35974,Force,2011,Action
35975,Hum Tum Shabana,2011,Romance/Comedy
35976,"Saheb, Biwi Aur Gangster",2011,Action/Thriller
35977,Tere Mere Phere,2011,Romantic/Comedy
35978,Chargesheet,2011,Drama/Thriller
35979,Na Jaane Kabse Hum Hi,2011,Romance
35980,Rascals,2011,Comedy/Action
35981,Love Breakups Zindagi,2011,Romantic
35982,My Friend Pinto,2011,Romance/Comedy/Crime
35983,Mujhse Fraaandship Karoge,2011,Comedy/Romance
35984,Mod,2011,Romance/Drama
35985,Aazaan,2011,Action/Thriller
35986,Oh God! Saare Hain Fraud,2011,Comedy
35987,Ra.One,2011,Action/Sci-Fi
35988,Tell Me O Kkhuda,2011,Drama
35989,Damadamm!,2011,Comedy
35990,Loot,2011,Comedy
35991,Miley Naa Miley Hum,2011,Romance/Drama
35992,Rockstar,2011,Romance/Drama
35993,Super K – The Movie,2011,Animation
35994,Shakal Pe Mat Ja,2011,Comedy
35995,Desi Boyz,2011,Comedy
35996,The Dirty Picture,2011,Drama
35997,I Am Singh,2011,Action/Crime/Drama
35998,Ladies vs Ricky Bahl,2011,Romance/Comedy/Crime
35999,Jo Hum Chahein,2011,Romance/Drama
36000,Pappu Can't Dance Saala,2011,Romance/Comedy
36001,Don 2,2011,Action/Thriller
36002,1,2012,Ek Tha Tiger
36003,2,2012,Dabangg 2
36004,3,2012,Rowdy Rathore
36005,4,2012,Agneepath
36006,5,2012,Jab Tak Hai Jaan
36007,6,2012,Barfi!
36008,7,2012,Talaash: The Answer Lies Within
36009,8,2012,Housefull 2
36010,9,2012,Bol Bachchan
36011,10,2012,Son of Sardaar
36012,Players,2012,Abbas-Mustan
36013,Chaalis Chauraasi,2012,Hriday Shetty
36014,Ghost,2012,Puja Jatinder Bedi
36015,Sadda Adda,2012,Muazzam Beg
36016,Agneepath,2012,Karan Malhotra
36017,Gali Gali Chor Hai,2012,Rumi Jaffrey
36018,Staying Alive,2012,Anant Mahadevan
36019,Love You To Death,2012,Rafeeg Ellias
36020,Ek Main Aur Ekk Tu,2012,Shakun Batra
36021,Valentine's Night,2012,Krishan Kumar
36022,Ekk Deewana Tha,2012,Gautham Vasudev Menon
36023,?: A Question Mark,2012,Allyson PatelYash Dave
36024,Married 2 America,2012,Dilip Shankar
36025,Jodi Breakers,2012,Ashwini Chaudhary
36026,Tere Naal Love Ho Gaya,2012,Mandeep Kumar
36027,"London, Paris, New York",2012,Anu Menon
36028,Paan Singh Tomar,2012,Tigmanshu Dhulia
36029,Will You Marry Me?,2012,Aditya Dutt
36030,Kahaani,2012,Sujoy Ghosh
36031,Chaar Din Ki Chandni,2012,Samir Karnik
36032,Say Yes to Love,2012,Mahrukh Mirza Beg
36033,Akkad Bakkkad Bam Be Bo,2012,Dweep Raj Kochhar
36034,Zindagi Tere Naam,2012,Ashu Trikha
36035,Agent Vinod,2012,Sriram Raghavan
36036,Blood Money,2012,Vishal Mahadkar
36037,Bumboo,2012,Jagdish Rajpurohit
36038,Housefull 2,2012,Sajid Khan
36039,Bittoo Boss,2012,Supavitra Babul
36040,Vicky Donor,2012,Shoojit Sircar
36041,Ab Hoga Dharna Unlimited,2012,Deepak Tanwar
36042,Hate Story,2012,Vivek Agnihotri
36043,Chhodo Kal Ki Baatein,2012,Pramod Joshi
36044,Tezz,2012,Priyadarshan
36045,Life Ki Toh Lag Gayi,2012,Rakesh Mehta
36046,Jannat 2,2012,Kunal Deshmukh
36047,Fatso!,2012,Rajat Kapoor
36048,The Forest,2012,Ashvin Kumar
36049,"Love, Lies & Seeta",2012,Chandra Pemmaraju
36050,Dangerous Ishq,2012,Vikram Bhatt
36051,Chhota Bheem and the Curse of Damyaan,2012,Rajiv Chilaka
36052,Ishaqzaade,2012,Habib Faisal
36053,Department,2012,Ram Gopal Varma
36054,Mr. Bhatti on Chutti,2012,Karan Razdan
36055,Arjun: The Warrior Prince,2012,Arnab Chaudhuri
36056,MLA,2012,Shiv Dube
36057,Rakhtbeej,2012,Anil Balani
36058,Yeh Khula Aasmaan,2012,Gitanjali Sinha
36059,"Love, Wrinkle-free",2012,Sandeep Mohan
36060,Rowdy Rathore,2012,Prabhu Deva
36061,Shanghai,2012,Dibakar Banerjee
36062,Ferrari Ki Sawaari,2012,Rajesh Mapuskar
36063,Qasam Se Qasam Se,2012,Azim Rizvi
36064,Teri Meri Kahaani,2012,Kunal Kohli
36065,Gangs of Wasseypur,2012,Anurag Kashyap
36066,Maximum,2012,Kabeer Kaushik
36067,Bol Bachchan,2012,Rohit Shetty
36068,3 Bachelors,2012,Ajay Sinha
36069,Cocktail,2012,Homi Adajania
36070,Gattu,2012,Rajan Khosa
36071,Challo Driver,2012,Vickrant Mahajan
36072,Mere Dost Picture Abhi Baki Hai,2012,Rajnish Raj Thakur
36073,Kyaa Super Kool Hain Hum,2012,Sachin Yardi
36074,Aalaap,2012,Manish Manikpuri
36075,Overtime,2012,Ajay Yadav
36076,Jism 2,2012,Pooja Bhatt
36077,Krishna Aur Kans ,2012,Vikram Veturi
36078,Gangs of Wasseypur – Part 2,2012,Anurag Kashyap
36079,Paanch Ghantey Mien Paanch Crore,2012,Faisal Saif
36080,Ek Tha Tiger,2012,Kabir Khan
36081,Shirin Farhad Ki Toh Nikal Padi,2012,Bela Sehgal
36082,Joker,2012,Shirish Kunder
36083,Jalpari: The Desert Mermaid,2012,Nila Madhab Panda
36084,From Sydney with Love,2012,Prateek Chakraborty
36085,I M 24,2012,Saurabh Shukla
36086,Raaz 3: The Third Dimension,2012,Vikram Bhatt
36087,Chal Pichchur Banate Hain,2012,Pritish Chakraborty
36088,Barfi!,2012,Anurag Basu
36089,Jeena Hai Toh Thok Daal,2012,Manish Vatsalya
36090,Heroine,2012,Madhur Bhandarkar
36091,Kamaal Dhamaal Malamaal,2012,Priyadarshan
36092,OMG – Oh My God!,2012,Umesh Shukla
36093,English Vinglish,2012,Gauri Shinde
36094,Kismet Love Paisa Dilli,2012,Sanjay Khanduri
36095,Aiyyaa,2012,Sachin Kundalkar
36096,Login,2012,Sanjeev Reddy
36097,Chittagong,2012,Bedabrata Pain
36098,Delhi Safari,2012,Nikhil Advani
36099,Bhoot Returns,2012,Ram Gopal Verma
36100,Student of the Year,2012,Karan Johar
36101,Chakravyuh,2012,Prakash Jha
36102,Ajab Gazabb Love,2012,Sanjay Gadhvi
36103,Rush,2012,"Shamin Desai, Priyanka Desai"
36104,Luv Shuv Tey Chicken Khurana,2012,Sameer Sharma
36105,1920: The Evil Returns,2012,Bhushan Patel
36106,Ata Pata Laapata,2012,Rajpal Yadav
36107,Sons of Ram,2012,Kushal Ruia
36108,Future To Bright Hai Ji,2012,Sanjay Amar
36109,Jab Tak Hai Jaan,2012,Yash Chopra
36110,Son Of Sardaar,2012,Ashwni Dhir
36111,Talaash: The Answer Lies Within,2012,Reema Kagti
36112,Khiladi 786,2012,Ashish R Mohan
36113,The Last Act,2012,12 directors
36114,Cigarette Ki Tarah,2012,Akashaditya Lama
36115,Dabangg 2,2012,Arbaaz Khan
36126,Table No. 21,2013,Aditya Datt
36127,Dehraadun Diary,2013,Milind Ukey
36128,Meri Shadi Karao,2013,Comedy
36129,Matru Ki Bijlee Ka Mandola,2013,Vishal Bhardwaj
36130,Pyaar Mein Aisa Hota Hai,2013,Rajesh Kumar
36131,Gangoobai,2013,Priya Krishnaswamy
36132,Inkaar,2013,Sudhir Mishra
36133,Mumbai Mirror,2013,Ankush Bhatt
36134,Bandook,2013,Aditya Om
36135,Race 2,2013,Abbas-Mustan
36136,Akaash Vani,2013,Luv Ranjan
36137,Main Krishna Hoon,2013,Animation/Musical
36138,David,2013,Bejoy Nambiar
36139,Vishwaroopam,2013,Kamal Haasan
36140,Mai...,2013,Mahesh Kodiyal
36141,Listen... Amaya,2013,Avinash Kumar Singh
36142,Special 26,2013,Neeraj Pandey
36143,"ABCD: Any Body Can Dance
",2013,Remo D'Souza
36144,The Unsound,2013,Alok Shrivastava
36145,Jayantabhai Ki Luv Story,2013,Vinnil Markan
36146,Murder 3,2013,Vishesh Bhatt
36147,Kai Po Che!,2013,Abhishek Kapoor
36148,Zila Ghaziabad,2013,Anand Kumar
36149,"I, Me Aur Main",2013,Kapil Sharma
36150,Bloody Isshq,2013,Arup Dutta
36151,The Attacks of 26/11,2013,Ram Gopal Varma
36152,"Saheb, Biwi Aur Gangster Returns",2013,Tigmanshu Dhulia
36153,Saare Jahaan Se Mehnga,2013,Anshul Sharma
36154,3G - A Killer Connection,2013,"Shantanu, Sheershak Anand"
36155,Mere Dad Ki Maruti,2013,Ashima Chibber
36156,Jolly LLB,2013,Subhash Kapoor
36157,Rangrezz,2013,Priyadarshan
36158,The Adventures of Sinbad,2013,"Shinjan Neogi, Abhishek Panchal"
36159,Himmatwala,2013,Sajid Khan
36160,Chashme Baddoor,2013,David Dhawan
36161,Nautanki Saala,2013,Rohan Sippy
36162,Commando: A One Man Army,2013,Dilip Ghosh
36163,Ek Thi Daayan,2013,Kannan Iyer
36164,Aashiqui 2,2013,Mohit Suri
36165,Shree,2013,Rajesh Bachchani
36166,Shootout at Wadala,2013,Sanjay Gupta
36167,Bombay Talkies,2013,"Anurag Kashyap, Karan Johar, Zoya Akhtar, Dibakar Banerjee"
36168,Chhota Bheem and the Throne of Bali,2013,Rajiv Chilaka
36169,Savita Bhabhi,2013,Puneet Agarwal
36170,Go Goa Gone,2013,"Raj Nidimoru, Krishna D.K."
36171,Gippi,2013,Sonam Nair
36172,Aurangzeb,2013,Atul Sabharwal
36173,I Don't Luv U,2013,Amit Kasaria
36174,Beehad - The Ravines,2013,Krishna Mishra
36175,Ishkq in Paris,2013,Prem Raj
36176,Hum Hai Raahi Car Ke,2013,Jyotin Goel
36177,Zindagi 50-50,2013,Rajiv S. Ruia
36178,Yeh Jawaani Hai Deewani,2013,Ayan Mukerji
36179,Yamla Pagla Deewana 2,2013,Sangeeth Sivan
36180,Mere Haule Dost,2013,Nitin Raghunath
36181,Fukrey,2013,Mrigdeep Singh Lamba
36182,Ankur Arora Murder Case,2013,Suhail Tatari
36183,Raanjhanaa,2013,Anand L. Rai
36184,Enemmy,2013,Ashu Trikha
36185,Shortcut Romeo,2013,Susi Ganeshan
36186,Hai Golmaal In White House,2013,Salar Sheikh
36187,Ghanchakkar,2013,Rajkumar Gupta
36188,Lootera,2013,Vikramaditya Motwane
36189,Policegiri,2013,K. S. Ravikumar
36190,Bhaag Milkha Bhaag,2013,Rakeysh Omprakash Mehra
36191,Sixteen,2013,Raj Purohit
36192,B.A. Pass,2013,Ajay Bahl
36193,Boyss Toh Boyss Hain,2013,Amit Vats
36194,Ramaiya Vastavaiya,2013,Prabhudeva
36195,D Day,2013,Nikhil Advani
36196,Ship of Theseus,2013,Anand Gandhi
36197,Issaq,2013,Manish Tiwary
36198,Bajatey Raho,2013,Shashant Shah
36199,Luv U Soniyo,2013,Joe Rajan
36200,Nasha,2013,Amit Saxena
36201,Rabba Main Kya Karoon,2013,Amrit Sagar Chopra
36202,Chor Chor Super Chor,2013,K. Rajesh
36203,Calapor,2013,Dinesh P. Bhonsle
36204,Love in Bombay,2013,Joy Mukherjee
36205,Chennai Express,2013,Rohit Shetty
36206,Once Upon Ay Time In Mumbai Dobaara!,2013,Milan Luthria
36207,Madras Cafe,2013,Shoojit Sircar
36208,Satyagraha,2013,Prakash Jha
36209,Zanjeer,2013,Apoorva Lakhia
36210,Shuddh Desi Romance,2013,Maneesh Sharma
36211,Zindagi Jalebi,2013,Karan Kashyap
36212,Siddharth,2013,Richie Mehta
36213,Grand Masti,2013,Indra Kumar
36214,John Day,2013,Ahishor Solomon
36215,Horror Story,2013,Ayush Raina
36216,Phata Poster Nikhla Hero,2013,Rajkumar Santoshi
36217,The Lunchbox,2013,Ritesh Batra
36219,Maazii,2013,Jaideep Chopra
36220,Prague,2013,Ashish R Shukla
36221,Super Model,2013,Navin Batra
36222,Besharam,2013,Abhinav Kashyap
36223,War Chhod Na Yaar,2013,Faraz Haider
36224,Baat Bann Gayi,2013,Shuja Ali
36225,Ekk Thee Sanam,2013,Monish Kaushal
36226,Paapi - Ek Satya Katha,2013,Aziz Sejawal
36227,Boss,2013,Anthony D'Souza
36228,Shahid,2013,Hansal Mehta
36229,Wake Up India,2013,Babloo Seshadri
36230,Amdavad Junction,2013,Apurv Bajpai
36231,Dilli Gang,2013,Ashish Tyagi
36232,Mickey Virus,2013,Saurabh Varma
36233,Ishk Actually,2013,Anish Khanna
36234,Sooper Se Ooper,2013,Shekhar Ghosh
36235,Krrish 3,2013,Rakesh Roshan
36236,Satya 2,2013,Ram Gopal Varma
36237,Rajjo,2013,Vishwas Patil
36238,Goliyon Ki Raasleela Ram-Leela,2013,Sanjay Leela Bhansali
36239,Kaand: Black Scandal,2013,Santosh K. Gupta
36240,Gori Tere Pyaar Mein,2013,Punit Malhotra
36241,Singh Saab The Great,2013,Anil Sharma
36242,Bullett Raja,2013,Tigmanshu Dhulia
36243,R... Rajkumar,2013,Prabhudeva
36245,What the Fish,2013,Gurmmet Singh
36246,Dhoom 3,2013,Vijay Krishna Acharya
36257,Mr Joe B. Carvalho,2014,Samir Tiwari
36258,Sholay 3D,2014,Ramesh Sippy
36259,Dedh Ishqiya,2014,Abhishek Chaubey
36260,Yaariyan,2014,Divya Khosla Kumar
36261,Karle Pyaar Karle,2014,Rajesh Pandey
36262,Miss Lovely,2014,Ashim Ahluwalia
36263,Om-Dar-B-Dar,2014,Kamal Swaroop
36264,Paranthe Wali Gali,2014,Sachin Gupta
36265,Strings of Passion,2014,Sanghamitra Chaudhari
36266,Jai Ho,2014,Sohail Khan
36267,One by Two,2014,Devika Bhagat
36268,Babloo Happy Hai,2014,Nila Madhab Panda
36269,Hasee Toh Phasee,2014,Vinil Mathew
36270,Heartless,2014,Shekhar Suman
36271,Ya Rab,2014,Hasnain Hyderabadwala
36272,Gunday,2014,Ali Abbas Zafar
36273,Kaho Na Kaho,2014,Sanjay Niranjan
36274,Darr @ the Mall,2014,Pawan Kripalani
36275,Dee Saturday Night,2014,Jay Prakash
36276,Gulabi Gang,2014,Nishtha Jain
36277,Highway,2014,Imtiaz Ali
36278,Karar: The Deal,2014,Sabir
36279,Pyar Ka Live Show,2014,Shailendra Singh Rajput
36280,The Dark Secrets Of Tonhi,2014,Shiraz Henry
36281,Anuradha,2014,Raju Mavani
36282,Shaadi Ke Side Effects,2014,Saket Chaudhary
36284,Akela The Alone,2014,"Rizwan Qazi, Qasim Bilal, Adil Ahmed"
36285,Gulaab Gang,2014,Soumik Sen
36286,Queen,2014,Vikas Bahl
36287,Total Siyapaa,2014,E Niwas
36288,Bewakoofiyaan,2014,Nupur Asthana
36289,Neighbours,2014,Shyam Ramsay
36290,W,2014,Tarun Madan Chopra
36291,Ankhon Dekhi,2014,Rajat Kapoor
36292,Gang of Ghosts,2014,Satish Kaushik
36293,Lakshmi,2014,Nagesh Kukunoor
36294,Ragini MMS 2,2014,Bhushan Patel
36295,Dishkiyaoon,2014,Sanamjit Talwar
36296,O Teri,2014,Umesh Bist
36297,Station,2014,Saad Khan
36298,Youngistaan,2014,Syed Ahmad Afzal
36299,Ebn-E-Batuta,2014,Varun Middha
36300,Honour Killing,2014,Avtar Bhogal
36301,Jal,2014,Girish Malik
36302,Main Tera Hero,2014,David Dhawan
36303,Bhoothnath Returns,2014,Nitesh Tiwari
36304,2 States,2014,Abhishek Varman
36305,Dekh Tamasha Dekh,2014,Feroz Abbas Khan
36306,Lucky Kabootar,2014,Shammi Chhabra
36307,Kaanchi: The Unbreakable,2014,Subhash Ghai
36308,Revolver Rani,2014,Sai Kabir
36309,Samrat & Co.,2014,Kaushik Ghatak
36310,Purani Jeans,2014,Tanushri Chattrji Bassu
36311,Kya Dilli Kya Lahore,2014,Vijay Raaz
36312,Angry Young Man,2014,Ramesh Rout
36313,Kahin Hai Mera Pyar,2014,Mahesh Vaijnath Doijode
36314,Hawaa Hawaai,2014,Amole Gupte
36315,Khwaabb,2014,Zaid Ali Khan
36316,Koyelaanchal,2014,Ashu Trikha
36317,Manjunath,2014,Sandeep A. Varma
36318,Mastram,2014,Akhilesh Jaiswal
36319,Yeh Hai Bakrapur,2014,Janaki Vishwanathan
36320,The Xposé,2014,Ananth Narayan Mahadevan
36321,Children of War,2014,Mrityunjay Devvrat
36322,M3 - Midsummer Midnight Mumbai,2014,Braj Bhushan
36323,Heropanti,2014,Sabbir Khan
36324,CityLights,2014,Hansal Mehta
36325,Kuku Mathur Ki Jhand Ho Gayi,2014,Aman Sachdeva
36326,Filmistaan,2014,Nitin Kakkar
36327,Holiday: A Soldier Is Never Off Duty,2014,A.R. Murugadoss
36328,Fugly,2014,Kabir Sadanand
36329,Machhli Jal Ki Rani Hai,2014,Debaloy Dey
36330,Humshakals,2014,Sajid Khan
36331,Ek Villain,2014,Mohit Suri
36332,Bobby Jasoos,2014,Samar Shaikh
36333,Lekar Hum Deewana Dil,2014,Arif Ali
36334,Humpty Sharma Ki Dulhania,2014,Shashank Khaitan
36335,Munna Mange Memsaab,2014,Shareeph Mansuri Saranawala
36336,Hate Story 2,2014,Vishal Pandya
36337,Bazaar-E-Husn,2014,Ajay Mehra
36338,Riyasat,2014,Ashok Tyagi
36339,Amit Sahni Ki List,2014,Ajay Bhuyan
36340,Pizza,2014,Akshay Akkineni
36341,Kick,2014,Sajid Nadiadwala
36342,Entertainment,2014,Sajid-Farhad
36343,Singham Returns,2014,Rohit Shetty
36344,Life is Beautiful!,2014,Manoj Amarnani
36345,Mad About Dance,2014,Saahil Prem
36346,Mardaani,2014,Pradeep Sarkar
36347,Mumbhai Connection,2014,Atlanta Nagendra
36348,Raja Natwarlal,2014,Kunal Deshmukh
36349,Mary Kom,2014,Omung Kumar
36350,Creature,2014,Vikram Bhatt
36351,Finding Fanny,2014,Homi Adajania
36352,Daawat-e-Ishq,2014,Habib Faisal
36353,Khoobsurat,2014,Shashanka Ghosh
36354,3 A.M.,2014,Vishal Mahadkar
36355,Chaarfutiya Chhokare,2014,Manish Harishankar
36356,Desi Kattey,2014,Anand Kumar
36357,Meinu Ek Ladki Chaahiye,2014,Abhishek Bindal
36358,Balwinder Singh Famous Ho Gaya,2014,Sunil Agnihotri
36359,Bang Bang!,2014,Siddharth Anand
36360,Haider,2014,Vishal Bhardwaj
36361,Spark,2014,V. K. Singh
36362,Jigariyaa,2014,Raj Purohit
36363,Ekkees Toppon Ki Salaami,2014,Ravindra Gautam
36364,Tamanchey,2014,Navneet Behal
36365,Mumbai 125 KM,2014,Hemant Madhukar
36366,Sonali Cable,2014,Charudutt Acharya
36367,Happy New Year,2014,Farah Khan
36368,Fireflies,2014,Sabal Singh Sheikhawat
36369,Roar: Tigers of the Sundarbans,2014,Kamal Sadanah
36370,Super Nani,2014,Indra Kumar
36371,Rang Rasiya,2014,Ketan Mehta
36372,A Decent Arrangement,2014,Sarovar Banka
36373,The Shaukeens,2014,Abhishek Sharma
36374,6 – 5 = 2,2014,Bharat Jain
36375,Kill Dil,2014,Shaad Ali
36376,Gollu Aur Pappu,2014,Kabir Sadanand
36377,Happy Ending,2014,Raj Nidimoru and Krishna DK
36378,Titoo MBA,2014,Amit Vats
36379,Wah Taj,2014,Ajit Sinha
36380,Hum Hai Teen Khurafaati,2014,Rajeshwar Chauhan
36381,Ungli,2014,Rensil D'Silva
36382,Zed Plus,2014,Chandraprakash Dwivedi
36383,Zid,2014,Vivek Agnihotri
36384,Action Jackson,2014,Prabhu Deva
36385,Bhopal: A Prayer for Rain,2014,Ravi Kumar
36386,Mumbai Delhi Mumbai,2014,Satish Rajwade
36387,Sulemani Keeda,2014,Amit Masurkar
36388,Badlapur Boys,2014,Shailesh Verma
36389,Life Mein Twist Hai,2014,Dinesh Soni
36390,LUV...Phir Kabhie,2014,Ajay Yadav
36391,Main Aur Mr. Riight,2014,Adeeb Rais
36392,Objection My God,2014,Amit Khan
36393,Room – The Mystery,2014,Faizal Khan
36394,PK,2014,Rajkumar Hirani
36395,Ugly,2014,Anurag Kashyap
36406,International Hero,2015,Sanjay Niranjan
36407,Mumbai Can Dance Saala,2015,Sachindra Sharma
36408,Take It Easy,2015,Sunil Prem Vyas
36409,Tevar,2015,Amit Sharma
36410,Alone,2015,Bhushan Patel
36411,Crazy Cukkad Family,2015,Ritesh Menon
36412,Sharafat Gayi Tel Lene,2015,Gurmmeet Singh
36413,Baby,2015,Neeraj Pandey
36414,Dolly Ki Doli,2015,Abhishek Dogra
36415,Chal Guru Ho Ja Shuru,2015,Manoj Sharma
36416,Hawaizaada,2015,Vibhu Puri
36417,Khamoshiyan,2015,Karan Dara
36418,Rahasya,2015,Manish Gupta
36419,Jai Jawaan Jai Kisaan,2015,Milan Ajmera
36420,Shamitabh,2015,R. Balki
36421,MSG: The Messenger,2015,"Gurmeet Ram Rahim Singh, Jeetu Arora"
36422,Roy,2015,Vikramjit Singh
36423,Badlapur,2015,Sriram Raghavan
36424,Qissa,2015,Anup Singh
36425,Ab Tak Chhappan 2,2015,Aejaz Gulab
36426,Dum Laga Ke Haisha,2015,Sharat Katariya
36427,Badmashiyaan,2015,Amit Khanna
36428,Coffee Bloom,2015,Manu Warrier
36429,Dirty Politics,2015,K. C. Bokadia
36430,Hey Bro,2015,Ajay Chandhok
36431,NH10,2015,Navdeep Singh
36432,Dilliwali Zaalim Girlfriend,2015,Japinder Kaur
36433,Hunterrr,2015,Harshavardhan Kulkarni
36434,Barkhaa,2015,Shadaab Mirza
36435,Yahaan Sabki Lagi Hai,2015,"Satavisha Bose, Cyrus R. khambhata"
36436,Detective Byomkesh Bakshy!,2015,Dibakar Banerjee
36437,Luckhnowi Ishq,2015,Aanand Raut
36438,Dharam Sankat Mein,2015,Fuwad Khan
36439,Ek Paheli Leela,2015,Bobby Khan
36440,Court,2015,Chaitanya Tamhane
36441,Margarita with a Straw,2015,Shonali Bose
36442,Mr. X,2015,Vikram Bhatt
36443,NH-8 Road to Nidhivan,2015,Munindra Gupta
36444,"Ek Adbhut Dakshina Guru Dakshina
",2015,Kiran Phadnis
36445,Ishq Ke Parindey,2015,Shakir Khan
36446,Kaagaz Ke Fools,2015,Anil Kumar Chaudhary
36447,Gabbar Is Back,2015,Krish
36448,Sabki Bajegi Band,2015,Anirudh Chawla
36449,Kuch Kuch Locha Hai,2015,Devang Dholakia
36450,Piku,2015,Shoojit Sircar
36451,Bombay Velvet,2015,Anurag Kashyap
36452,Main Hoon Part-Time Killer,2015,Faisal Saif
36453,Tanu Weds Manu: Returns,2015,Anand L. Rai
36454,Waiting,2015,Anu Menon
36455,I Love Desi,2015,Pankaj Batra
36456,Ishqedarriyaan,2015,V. K. Prakash
36457,P Se PM Tak,2015,Kundan Shah
36458,Welcome 2 Karachi,2015,Ashish R Mohan
36459,Dil Dhadakne Do,2015,Zoya Akhtar
36460,Mere Genie Uncle,2015,Ashish Bhavsar
36461,Hamari Adhuri Kahani,2015,Mohit Suri
36462,ABCD 2,2015,Remo D'Souza
36463,Miss Tanakpur Haazir Ho ,2015,Vinod Kapri
36464,Uvaa,2015,Jasbir Bhaati
36465,Lion of Gujarat,2015,Dinesh Lamba
36466,Bezubaan Ishq,2015,Jashwant Gangani
36467,Guddu Rangeela,2015,Subhash Kapoor
36468,Second Hand Husband,2015,Smeep Kang
36469,I Love NY,2015,Radhika Rao
36470,Thoda Lutf Thoda Ishq,2015,Sachin Gupta
36471,Bajrangi Bhaijaan,2015,Kabir Khan
36472,Aisa Yeh Jahaan,2015,Biswajeet Bora
36473,Masaan,2015,Neeraj Ghaywan
36474,Drishyam,2015,Nishikant Kamat
36475,Bangistan,2015,Karan Anshuman
36476,Brothers,2015,Karan Malhotra
36477,Gour Hari Dastaan,2015,Ananth Narayan Mahadevan
36478,All Is Well,2015,Umesh Shukla
36479,Manjhi – The Mountain Man,2015,Ketan Mehta
36480,Rolling Dream,2015,Maahi Kaur
36481,Kaun Kitney Paani Mein,2015,Nila Madhab Panda
36482,Phantom,2015,Kabir Khan
36483,Welcome Back,2015,Anees Bazmee
36484,Lakhon Hain Yahan Dilwale,2015,Munnawar Bhagat
36485,Hero,2015,Nikhil Advani
36486,Sorry Daddy,2015,Vijay Pal and Shakur
36487,Katti Batti,2015,Nikhil Advani
36488,Meeruthiya Gangster,2015,Zeishan Quadri
36489,Kis Kisko Pyaar Karoon,2015,Abbas-Mustan
36490,Bhaag Johnny,2015,Shivam Nair
36491,Calpesh Macchindra,2015,"Ashutosh Rana, Jaaved Jaaferi, Varun Sharma, Ranvir Shorey, Navdeep Chabbra"
36492,Singh Is Bliing,2015,Prabhu Deva
36493,Talvar,2015,Meghna Gulzar
36494,Jazbaa,2015,Sanjay Gupta
36495,Bumper Draw,2015,Irshad Khan
36496,Chinar Daastaan-E-Ishq,2015,Sharique Minhaj
36497,Pyaar Ka Punchnama 2,2015,Luv Ranjan
36498,Wedding Pullav,2015,Binod Pradhan
36499,Shaandaar,2015,Vikas Bahl
36500,Titli,2015,Kanu Behl
36501,Main Aur Charles,2015,Prawaal Raman
36502,Once Upon a Time in Bihar,2015,Nitin Chandra
36503,"Guddu Ki Gun
",2015,"Shantanu Ray Chhibber, Sheershak Anand"
36504,Love Exchange,2015,Raj V Shetty
36505,Prithipal Singh... A Story,2015,Babita Puri
36506,Four Pillars of Basement,2015,Giresh Naik K
36507,Charlie Kay Chakkar Mein,2015,Manish Srivasta
36508,Yaara Silly Silly,2015,Subhash Sehgal
36509,Ranbanka,2015,Aryeman Ramsay
36510,Prem Ratan Dhan Payo,2015,Sooraj Barjatya
36511,X: Past Is Present,2015,Various Directors
36512,Angry Indian Goddesses,2015,Pan Nalin
36513,Tamasha,2015,Imtiaz Ali
36514,Hate Story 3,2015,Vishal Pandya
36515,Kajarya,2015,Madhureeta Anand
36516,The Silent Heroes,2015,Mahesh Bhatt
36517,Bajirao Mastani,2015,Sanjay Leela Bhansali
36518,Dilwale,2015,Rohit Shetty
